Series ID,Year,Period,Label,Value,1-Month % Change,12-Month % Change
WPU00000000,2000,M01,2000 Jan,128.3,0.4,4.4
WPU00000000,2000,M02,2000 Feb,129.8,1.2,6.1
WPU00000000,2000,M03,2000 Mar,130.8,0.8,6.7
WPU00000000,2000,M04,2000 Apr,130.7,-0.1,5.7
WPU00000000,2000,M05,2000 May,131.6,0.7,5.5
WPU00000000,2000,M06,2000 Jun,133.8,1.7,6.9
WPU00000000,2000,M07,2000 Jul,133.7,-0.1,6.4
WPU00000000,2000,M08,2000 Aug,132.9,-0.6,4.7
WPU00000000,2000,M09,2000 Sep,134.7,1.4,5.2
WPU00000000,2000,M10,2000 Oct,135.4,0.5,6.0
WPU00000000,2000,M11,2000 Nov,135.0,-0.3,5.2
WPU00000000,2000,M12,2000 Dec,136.2,0.9,6.6
WPU00000000,2001,M01,2001 Jan,140.0,2.8,9.1
WPU00000000,2001,M02,2001 Feb,137.4,-1.9,5.9
WPU00000000,2001,M03,2001 Mar,135.9,-1.1,3.9
WPU00000000,2001,M04,2001 Apr,136.4,0.4,4.4
WPU00000000,2001,M05,2001 May,136.8,0.3,4.0
WPU00000000,2001,M06,2001 Jun,135.5,-1.0,1.3
WPU00000000,2001,M07,2001 Jul,133.4,-1.5,-0.2
WPU00000000,2001,M08,2001 Aug,133.4,0.0,0.4
WPU00000000,2001,M09,2001 Sep,133.3,-0.1,-1.0
WPU00000000,2001,M10,2001 Oct,130.3,-2.3,-3.8
WPU00000000,2001,M11,2001 Nov,129.8,-0.4,-3.9
WPU00000000,2001,M12,2001 Dec,128.1,-1.3,-5.9
WPU00000000,2002,M01,2002 Jan,128.5,0.3,-8.2
WPU00000000,2002,M02,2002 Feb,128.4,-0.1,-6.6
WPU00000000,2002,M03,2002 Mar,129.8,1.1,-4.5
WPU00000000,2002,M04,2002 Apr,130.8,0.8,-4.1
WPU00000000,2002,M05,2002 May,130.8,0.0,-4.4
WPU00000000,2002,M06,2002 Jun,130.9,0.1,-3.4
WPU00000000,2002,M07,2002 Jul,131.2,0.2,-1.6
WPU00000000,2002,M08,2002 Aug,131.5,0.2,-1.4
WPU00000000,2002,M09,2002 Sep,132.3,0.6,-0.8
WPU00000000,2002,M10,2002 Oct,133.2,0.7,2.2
WPU00000000,2002,M11,2002 Nov,133.1,-0.1,2.5
WPU00000000,2002,M12,2002 Dec,132.9,-0.2,3.7
WPU00000000,2003,M01,2003 Jan,135.3,1.8,5.3
WPU00000000,2003,M02,2003 Feb,137.6,1.7,7.2
WPU00000000,2003,M03,2003 Mar,141.2,2.6,8.8
WPU00000000,2003,M04,2003 Apr,136.8,-3.1,4.6
WPU00000000,2003,M05,2003 May,136.7,-0.1,4.5
WPU00000000,2003,M06,2003 Jun,138.0,1.0,5.4
WPU00000000,2003,M07,2003 Jul,137.7,-0.2,5.0
WPU00000000,2003,M08,2003 Aug,138.0,0.2,4.9
WPU00000000,2003,M09,2003 Sep,138.5,0.4,4.7
WPU00000000,2003,M10,2003 Oct,139.3,0.6,4.6
WPU00000000,2003,M11,2003 Nov,138.9,-0.3,4.4
WPU00000000,2003,M12,2003 Dec,139.5,0.4,5.0
WPU00000000,2004,M01,2004 Jan,141.4,1.4,4.5
WPU00000000,2004,M02,2004 Feb,142.1,0.5,3.3
WPU00000000,2004,M03,2004 Mar,143.1,0.7,1.3
WPU00000000,2004,M04,2004 Apr,144.8,1.2,5.8
WPU00000000,2004,M05,2004 May,146.8,1.4,7.4
WPU00000000,2004,M06,2004 Jun,147.2,0.3,6.7
WPU00000000,2004,M07,2004 Jul,147.4,0.1,7.0
WPU00000000,2004,M08,2004 Aug,148.0,0.4,7.2
WPU00000000,2004,M09,2004 Sep,147.7,-0.2,6.6
WPU00000000,2004,M10,2004 Oct,150.0,1.6,7.7
WPU00000000,2004,M11,2004 Nov,151.4,0.9,9.0
WPU00000000,2004,M12,2004 Dec,150.2,-0.8,7.7
WPU00000000,2005,M01,2005 Jan,150.9,0.5,6.7
WPU00000000,2005,M02,2005 Feb,151.6,0.5,6.7
WPU00000000,2005,M03,2005 Mar,153.7,1.4,7.4
WPU00000000,2005,M04,2005 Apr,155.0,0.8,7.0
WPU00000000,2005,M05,2005 May,154.3,-0.5,5.1
WPU00000000,2005,M06,2005 Jun,154.3,0.0,4.8
WPU00000000,2005,M07,2005 Jul,156.3,1.3,6.0
WPU00000000,2005,M08,2005 Aug,157.6,0.8,6.5
WPU00000000,2005,M09,2005 Sep,162.2,2.9,9.8
WPU00000000,2005,M10,2005 Oct,166.2,2.5,10.8
WPU00000000,2005,M11,2005 Nov,163.7,-1.5,8.1
WPU00000000,2005,M12,2005 Dec,163.0,-0.4,8.5
WPU00000000,2006,M01,2006 Jan,164.3,0.8,8.9
WPU00000000,2006,M02,2006 Feb,161.8,-1.5,6.7
WPU00000000,2006,M03,2006 Mar,162.2,0.2,5.5
WPU00000000,2006,M04,2006 Apr,164.3,1.3,6.0
WPU00000000,2006,M05,2006 May,165.8,0.9,7.5
WPU00000000,2006,M06,2006 Jun,166.1,0.2,7.6
WPU00000000,2006,M07,2006 Jul,166.8,0.4,6.7
WPU00000000,2006,M08,2006 Aug,167.9,0.7,6.5
WPU00000000,2006,M09,2006 Sep,165.4,-1.5,2.0
WPU00000000,2006,M10,2006 Oct,162.2,-1.9,-2.4
WPU00000000,2006,M11,2006 Nov,164.6,1.5,0.5
WPU00000000,2006,M12,2006 Dec,165.6,0.6,1.6
WPU00000000,2007,M01,2007 Jan,164.0,-1.0,-0.2
WPU00000000,2007,M02,2007 Feb,166.8,1.7,3.1
WPU00000000,2007,M03,2007 Mar,169.3,1.5,4.4
WPU00000000,2007,M04,2007 Apr,171.4,1.2,4.3
WPU00000000,2007,M05,2007 May,173.3,1.1,4.5
WPU00000000,2007,M06,2007 Jun,173.8,0.3,4.6
WPU00000000,2007,M07,2007 Jul,175.1,0.7,5.0
WPU00000000,2007,M08,2007 Aug,172.4,-1.5,2.7
WPU00000000,2007,M09,2007 Sep,173.5,0.6,4.9
WPU00000000,2007,M10,2007 Oct,174.7,0.7,7.7
WPU00000000,2007,M11,2007 Nov,179.0,2.5,8.7
WPU00000000,2007,M12,2007 Dec,178.6,-0.2,7.9
WPU00000000,2008,M01,2008 Jan,181.0,1.3,10.4
WPU00000000,2008,M02,2008 Feb,182.7,0.9,9.5
WPU00000000,2008,M03,2008 Mar,187.9,2.8,11.0
WPU00000000,2008,M04,2008 Apr,190.9,1.6,11.4
WPU00000000,2008,M05,2008 May,196.6,3.0,13.4
WPU00000000,2008,M06,2008 Jun,200.5,2.0,15.4
WPU00000000,2008,M07,2008 Jul,205.5,2.5,17.4
WPU00000000,2008,M08,2008 Aug,199.0,-3.2,15.4
WPU00000000,2008,M09,2008 Sep,196.9,-1.1,13.5
WPU00000000,2008,M10,2008 Oct,186.4,-5.3,6.7
WPU00000000,2008,M11,2008 Nov,176.8,-5.2,-1.2
WPU00000000,2008,M12,2008 Dec,170.9,-3.3,-4.3
WPU00000000,2009,M01,2009 Jan,171.2,0.2,-5.4
WPU00000000,2009,M02,2009 Feb,169.3,-1.1,-7.3
WPU00000000,2009,M03,2009 Mar,168.1,-0.7,-10.5
WPU00000000,2009,M04,2009 Apr,169.1,0.6,-11.4
WPU00000000,2009,M05,2009 May,170.8,1.0,-13.1
WPU00000000,2009,M06,2009 Jun,174.1,1.9,-13.2
WPU00000000,2009,M07,2009 Jul,172.5,-0.9,-16.1
WPU00000000,2009,M08,2009 Aug,175.0,1.4,-12.1
WPU00000000,2009,M09,2009 Sep,174.1,-0.5,-11.6
WPU00000000,2009,M10,2009 Oct,175.2,0.6,-6.0
WPU00000000,2009,M11,2009 Nov,177.4,1.3,0.3
WPU00000000,2009,M12,2009 Dec,178.1,0.4,4.2
WPU00000000,2010,M01,2010 Jan,181.9,2.1,6.3
WPU00000000,2010,M02,2010 Feb,181.0,-0.5,6.9
WPU00000000,2010,M03,2010 Mar,183.3,1.3,9.0
WPU00000000,2010,M04,2010 Apr,184.4,0.6,9.0
WPU00000000,2010,M05,2010 May,184.8,0.2,8.2
WPU00000000,2010,M06,2010 Jun,183.5,-0.7,5.4
WPU00000000,2010,M07,2010 Jul,184.1,0.3,6.7
WPU00000000,2010,M08,2010 Aug,184.9,0.4,5.7
WPU00000000,2010,M09,2010 Sep,184.9,0.0,6.2
WPU00000000,2010,M10,2010 Oct,186.6,0.9,6.5
WPU00000000,2010,M11,2010 Nov,187.7,0.6,5.8
WPU00000000,2010,M12,2010 Dec,189.7,1.1,6.5
WPU00000000,2011,M01,2011 Jan,192.7,1.6,5.9
WPU00000000,2011,M02,2011 Feb,195.8,1.6,8.2
WPU00000000,2011,M03,2011 Mar,199.2,1.7,8.7
WPU00000000,2011,M04,2011 Apr,203.1,2.0,10.1
WPU00000000,2011,M05,2011 May,204.1,0.5,10.4
WPU00000000,2011,M06,2011 Jun,203.9,-0.1,11.1
WPU00000000,2011,M07,2011 Jul,204.6,0.3,11.1
WPU00000000,2011,M08,2011 Aug,203.2,-0.7,9.9
WPU00000000,2011,M09,2011 Sep,203.7,0.2,10.2
WPU00000000,2011,M10,2011 Oct,201.1,-1.3,7.8
WPU00000000,2011,M11,2011 Nov,201.4,0.1,7.3
WPU00000000,2011,M12,2011 Dec,199.8,-0.8,5.3
WPU00000000,2012,M01,2012 Jan,200.7,0.5,4.2
WPU00000000,2012,M02,2012 Feb,201.6,0.4,3.0
WPU00000000,2012,M03,2012 Mar,204.2,1.3,2.5
WPU00000000,2012,M04,2012 Apr,203.7,-0.2,0.3
WPU00000000,2012,M05,2012 May,201.9,-0.9,-1.1
WPU00000000,2012,M06,2012 Jun,199.8,-1.0,-2.0
WPU00000000,2012,M07,2012 Jul,200.1,0.2,-2.2
WPU00000000,2012,M08,2012 Aug,202.7,1.3,-0.2
WPU00000000,2012,M09,2012 Sep,204.4,0.8,0.3
WPU00000000,2012,M10,2012 Oct,203.5,-0.4,1.2
WPU00000000,2012,M11,2012 Nov,201.8,-0.8,0.2
WPU00000000,2012,M12,2012 Dec,201.5,-0.1,0.9
WPU00000000,2013,M01,2013 Jan,202.5,0.5,0.9
WPU00000000,2013,M02,2013 Feb,204.3,0.9,1.3
WPU00000000,2013,M03,2013 Mar,204.0,-0.1,-0.1
WPU00000000,2013,M04,2013 Apr,203.5,-0.2,-0.1
WPU00000000,2013,M05,2013 May,204.1,0.3,1.1
WPU00000000,2013,M06,2013 Jun,204.3,0.1,2.3
WPU00000000,2013,M07,2013 Jul,204.4,0.0,2.1
WPU00000000,2013,M08,2013 Aug,204.2,-0.1,0.7
WPU00000000,2013,M09,2013 Sep,203.9,-0.1,-0.2
WPU00000000,2013,M10,2013 Oct,202.5,-0.7,-0.5
WPU00000000,2013,M11,2013 Nov,201.2,-0.6,-0.3
WPU00000000,2013,M12,2013 Dec,202.0,0.4,0.2
WPU00000000,2014,M01,2014 Jan,203.8,0.9,0.6
WPU00000000,2014,M02,2014 Feb,205.7,0.9,0.7
WPU00000000,2014,M03,2014 Mar,207.0,0.6,1.5
WPU00000000,2014,M04,2014 Apr,208.3,0.6,2.4
WPU00000000,2014,M05,2014 May,208.0,-0.1,1.9
WPU00000000,2014,M06,2014 Jun,208.3,0.1,2.0
WPU00000000,2014,M07,2014 Jul,208.0,-0.1,1.8
WPU00000000,2014,M08,2014 Aug,207.0,-0.5,1.4
WPU00000000,2014,M09,2014 Sep,206.4,-0.3,1.2
WPU00000000,2014,M10,2014 Oct,203.4,-1.5,0.4
WPU00000000,2014,M11,2014 Nov,200.9,-1.2,-0.1
WPU00000000,2014,M12,2014 Dec,197.0,-1.9,-2.5
WPU00000000,2015,M01,2015 Jan,192.0,-2.5,-5.8
WPU00000000,2015,M02,2015 Feb,191.1,-0.5,-7.1
WPU00000000,2015,M03,2015 Mar,191.5,0.2,-7.5
WPU00000000,2015,M04,2015 Apr,190.9,-0.3,-8.4
WPU00000000,2015,M05,2015 May,193.4,1.3,-7.0
WPU00000000,2015,M06,2015 Jun,194.8,0.7,-6.5
WPU00000000,2015,M07,2015 Jul,193.9,-0.5,-6.8
WPU00000000,2015,M08,2015 Aug,191.9,-1.0,-7.3
WPU00000000,2015,M09,2015 Sep,189.1,-1.5,-8.4
WPU00000000,2015,M10,2015 Oct,187.5,-0.8,-7.8
WPU00000000,2015,M11,2015 Nov,185.7,-1.0,-7.6
WPU00000000,2015,M12,2015 Dec,183.5,-1.2,-6.9
WPU00000000,2016,M01,2016 Jan,182.6,-0.5,-4.9
WPU00000000,2016,M02,2016 Feb,181.3,-0.7,-5.1
WPU00000000,2016,M03,2016 Mar,182.1,0.4,-4.9
WPU00000000,2016,M04,2016 Apr,183.2,0.6,-4.0
WPU00000000,2016,M05,2016 May,185.3,1.1,-4.2
WPU00000000,2016,M06,2016 Jun,187.6,1.2,-3.7
WPU00000000,2016,M07,2016 Jul,187.7,0.1,-3.2
WPU00000000,2016,M08,2016 Aug,186.6,-0.6,-2.8
WPU00000000,2016,M09,2016 Sep,186.9,0.2,-1.2
WPU00000000,2016,M10,2016 Oct,186.7,-0.1,-0.4
WPU00000000,2016,M11,2016 Nov,186.3,-0.2,0.3
WPU00000000,2016,M12,2016 Dec,188.2,1.0,2.6
WPU00000000,2017,M01,2017 Jan,190.7,1.3,4.4
WPU00000000,2017,M02,2017 Feb,191.6,0.5,5.7
WPU00000000,2017,M03,2017 Mar,191.5,-0.1,5.2
WPU00000000,2017,M04,2017 Apr,193.0,0.8,5.3
WPU00000000,2017,M05,2017 May,192.8,-0.1,4.0
WPU00000000,2017,M06,2017 Jun,193.6,0.4,3.2
WPU00000000,2017,M07,2017 Jul,193.5,-0.1,3.1
WPU00000000,2017,M08,2017 Aug,193.8,0.2,3.9
WPU00000000,2017,M09,2017 Sep,194.8,0.5,4.2
WPU00000000,2017,M10,2017 Oct,194.9,0.1,4.4
WPU00000000,2017,M11,2017 Nov,195.9,0.5,5.2
WPU00000000,2017,M12,2017 Dec,196.3,0.2,4.3
WPU00000000,2018,M01,2018 Jan,197.9,0.8,3.8
WPU00000000,2018,M02,2018 Feb,199.3,0.7,4.0
WPU00000000,2018,M03,2018 Mar,199.3,0.0,4.1
WPU00000000,2018,M04,2018 Apr,200.3,0.5,3.8
WPU00000000,2018,M05,2018 May,203.2,1.4,5.4
WPU00000000,2018,M06,2018 Jun,204.2,0.5,5.5
WPU00000000,2018,M07,2018 Jul,204.3,0.0,5.6
WPU00000000,2018,M08,2018 Aug,203.4,-0.4,5.0
WPU00000000,2018,M09,2018 Sep,203.6,0.1,4.5
WPU00000000,2018,M10,2018 Oct,204.6,0.5,5.0
WPU00000000,2018,M11,2018 Nov,202.3,-1.1,3.3
WPU00000000,2018,M12,2018 Dec,201.0,-0.6,2.4
WPU00000000,2019,M01,2019 Jan,199.1,-0.9,0.6
WPU00000000,2019,M02,2019 Feb,199.2,0.1,-0.1
WPU00000000,2019,M03,2019 Mar,200.8,0.8,0.8
WPU00000000,2019,M04,2019 Apr,202.1,0.6,0.9
WPU00000000,2019,M05,2019 May,201.7,-0.2,-0.7
WPU00000000,2019,M06,2019 Jun,200.3,-0.7,-1.9
WPU00000000,2019,M07,2019 Jul,200.7,0.2,-1.8
WPU00000000,2019,M08,2019 Aug,199.2,-0.7,-2.1
WPU00000000,2019,M09,2019 Sep,198.4,-0.4,-2.6
WPU00000000,2019,M10,2019 Oct,198.6,0.1,-2.9
WPU00000000,2019,M11,2019 Nov,199.0,0.2,-1.6
WPU00000000,2019,M12,2019 Dec,199.0,0.0,-1.0
WPU00000000,2020,M01,2020 Jan,199.3,0.2,0.1
WPU00000000,2020,M02,2020 Feb,196.7,-1.3,-1.3
WPU00000000,2020,M03,2020 Mar,193.1,-1.8,-3.8
WPU00000000,2020,M04,2020 Apr,185.5,-3.9,-8.2
WPU00000000,2020,M05,2020 May,188.6,1.7,-6.5
WPU00000000,2020,M06,2020 Jun,191.2,1.4,-4.5
WPU00000000,2020,M07,2020 Jul,193.0,0.9,-3.8
WPU00000000,2020,M08,2020 Aug,194.3,0.7,-2.5
WPU00000000,2020,M09,2020 Sep,195.5,0.6,-1.5
WPU00000000,2020,M10,2020 Oct,196.5,0.5,-1.1
WPU00000000,2020,M11,2020 Nov,198.3,0.9,-0.4
WPU00000000,2020,M12,2020 Dec,200.5,1.1,0.8
WPU00000000,2021,M01,2021 Jan,204.8,2.1,2.8
WPU00000000,2021,M02,2021 Feb,210.6,2.8,7.1
WPU00000000,2021,M03,2021 Mar,215.0,2.1,11.3
WPU00000000,2021,M04,2021 Apr,217.9,1.3,17.5
WPU00000000,2021,M05,2021 May,224.9,3.2,19.2
WPU00000000,2021,M06,2021 Jun,228.9,1.8,19.7
WPU00000000,2021,M07,2021 Jul,231.850,1.3,20.1
WPU00000000,2021,M08,2021 Aug,233.415,0.7,20.1
WPU00000000,2021,M09,2021 Sep,235.678,1.0,20.6
WPU00000000,2021,M10,2021 Oct,240.465,2.0,22.4
WPU00000000,2021,M11,2021 Nov,243.287,1.2,22.7
WPU00000000,2021,M12,2021 Dec,241.338,-0.8,20.4
WPU00000000,2022,M01,2022 Jan,246.453,2.1,20.3
WPU00000000,2022,M02,2022 Feb,252.660,2.5,20.0
WPU00000000,2022,M03,2022 Mar,260.014,2.9,20.9
WPU00000000,2022,M04,2022 Apr,265.310,2.0,21.8
WPU00000000,2022,M05,2022 May,273.251,3.0,21.5
WPU00000000,2022,M06,2022 Jun,280.251,2.6,22.4
WPU00000000,2022,M07,2022 Jul,272.274,-2.8,17.4
WPU00000000,2022,M08,2022 Aug,269.546,-1.0,15.5
WPU00000000,2022,M09,2022 Sep,267.898,-0.6,13.7
WPU00000000,2022,M10,2022 Oct,265.061,-1.1,10.2
WPU00000000,2022,M11,2022 Nov,263.157,-0.7,8.2
WPU00000000,2022,M12,2022 Dec,257.897,-2.0,6.9
WPU00000000,2023,M01,2023 Jan,260.227,0.9,5.6
WPU00000000,2023,M02,2023 Feb,258.669,-0.6,2.4
WPU00000000,2023,M03,2023 Mar,257.062,-0.6,-1.1
WPU00000000,2023,M04,2023 Apr,256.908,-0.1,-3.2
WPU00000000,2023,M05,2023 May,253.670,-1.3,-7.2
WPU00000000,2023,M06,2023 Jun,253.860,0.1,-9.4
WPU00000000,2023,M07,2023 Jul,253.835,0.0,-6.8
WPU00000000,2023,M08,2023 Aug,257.680,1.5,-4.4
WPU00000000,2023,M09,2023 Sep,258.934,0.5,-3.3
WPU00000000,2023,M10,2023 Oct,255.192,-1.4,-3.7
WPU00000000,2023,M11,2023 Nov,252.856,-0.9,-3.9
WPU00000000,2023,M12,2023 Dec,249.866,-1.2,-3.1
WPU00000000,2024,M01,2024 Jan,251.306,0.6,-3.4
WPU00000000,2024,M02,2024 Feb,254.926,1.4,-1.4
WPU00000000,2024,M03,2024 Mar,255.095,0.1,-0.8
WPU00000000,2024,M04,2024 Apr,256.978,0.7,0.0
WPU00000000,2024,M05,2024 May,255.313,-0.6,0.6
WPU00000000,2024,M06,2024 Jun,255.914,0.2,0.8
WPU00000000,2024,M07,2024 Jul,257.321,0.5,1.4
WPU00000000,2024,M08,2024 Aug,255.463,-0.7,-0.9
WPU00000000,2024,M09,2024 Sep,252.682,-1.1,-2.4
WPU00000000,2024,M10,2024 Oct,253.081,0.2,-0.8
WPU00000000,2024,M11,2024 Nov,253.211,0.1,0.1
WPU00000000,2024,M12,2024 Dec,253.423,0.1,1.4
WPU00000000,2025,M01,2025 Jan,257.360,1.6,2.4
WPU00000000,2025,M02,2025 Feb,259.498,0.8,1.8
WPU00000000,2025,M03,2025 Mar,258.525,-0.4,1.3
WPU00000000,2025,M04,2025 Apr,258.392,-0.1,0.6
WPU00000000,2025,M05,2025 May,258.678,0.1,1.3
WPU00000000,2025,M06,2025 Jun,260.491,0.7,1.8
WPU00000000,2025,M07,2025 Jul,262.358,0.7,2.0
WPU00000000,2025,M08,2025 Aug,262.110,-0.1,2.6
WPU00000000,2025,M09,2025 Sep,262.094,0.0,3.7
WPU00000000,2025,M10,2025 Oct,260.724,-0.5,3.0
WPU00000000,2025,M11,2025 Nov,261.358,0.2,3.2
WPU00000000,2025,M12,2025 Dec,260.686,-0.3,2.9
