Date,Value,12-Month % Change
1/1/00,168.8,2.7
2/1/00,169.8,3.2
3/1/00,171.2,3.8
4/1/00,171.3,3.1
5/1/00,171.5,3.2
6/1/00,172.4,3.7
7/1/00,172.8,3.7
8/1/00,172.8,3.4
9/1/00,173.7,3.5
10/1/00,174,3.4
11/1/00,174.1,3.4
12/1/00,174,3.4
1/1/01,175.1,3.7
2/1/01,175.8,3.5
3/1/01,176.2,2.9
4/1/01,176.9,3.3
5/1/01,177.7,3.6
6/1/01,178,3.2
7/1/01,177.5,2.7
8/1/01,177.5,2.7
9/1/01,178.3,2.6
10/1/01,177.7,2.1
11/1/01,177.4,1.9
12/1/01,176.7,1.6
1/1/02,177.1,1.1
2/1/02,177.8,1.1
3/1/02,178.8,1.5
4/1/02,179.8,1.6
5/1/02,179.8,1.2
6/1/02,179.9,1.1
7/1/02,180.1,1.5
8/1/02,180.7,1.8
9/1/02,181,1.5
10/1/02,181.3,2
11/1/02,181.3,2.2
12/1/02,180.9,2.4
1/1/03,181.7,2.6
2/1/03,183.1,3
3/1/03,184.2,3
4/1/03,183.8,2.2
5/1/03,183.5,2.1
6/1/03,183.7,2.1
7/1/03,183.9,2.1
8/1/03,184.6,2.2
9/1/03,185.2,2.3
10/1/03,185,2
11/1/03,184.5,1.8
12/1/03,184.3,1.9
1/1/04,185.2,1.9
2/1/04,186.2,1.7
3/1/04,187.4,1.7
4/1/04,188,2.3
5/1/04,189.1,3.1
6/1/04,189.7,3.3
7/1/04,189.4,3
8/1/04,189.5,2.7
9/1/04,189.9,2.5
10/1/04,190.9,3.2
11/1/04,191,3.5
12/1/04,190.3,3.3
1/1/05,190.7,3
2/1/05,191.8,3
3/1/05,193.3,3.1
4/1/05,194.6,3.5
5/1/05,194.4,2.8
6/1/05,194.5,2.5
7/1/05,195.4,3.2
8/1/05,196.4,3.6
9/1/05,198.8,4.7
10/1/05,199.2,4.3
11/1/05,197.6,3.5
12/1/05,196.8,3.4
1/1/06,198.3,4
2/1/06,198.7,3.6
3/1/06,199.8,3.4
4/1/06,201.5,3.5
5/1/06,202.5,4.2
6/1/06,202.9,4.3
7/1/06,203.5,4.1
8/1/06,203.9,3.8
9/1/06,202.9,2.1
10/1/06,201.8,1.3
11/1/06,201.5,2
12/1/06,201.8,2.5
1/1/07,202.416,2.1
2/1/07,203.499,2.4
3/1/07,205.352,2.8
4/1/07,206.686,2.6
5/1/07,207.949,2.7
6/1/07,208.352,2.7
7/1/07,208.299,2.4
8/1/07,207.917,2
9/1/07,208.49,2.8
10/1/07,208.936,3.5
11/1/07,210.177,4.3
12/1/07,210.036,4.1
1/1/08,211.08,4.3
2/1/08,211.693,4
3/1/08,213.528,4
4/1/08,214.823,3.9
5/1/08,216.632,4.2
6/1/08,218.815,5
7/1/08,219.964,5.6
8/1/08,219.086,5.4
9/1/08,218.783,4.9
10/1/08,216.573,3.7
11/1/08,212.425,1.1
12/1/08,210.228,0.1
1/1/09,211.143,0
2/1/09,212.193,0.2
3/1/09,212.709,-0.4
4/1/09,213.24,-0.7
5/1/09,213.856,-1.3
6/1/09,215.693,-1.4
7/1/09,215.351,-2.1
8/1/09,215.834,-1.5
9/1/09,215.969,-1.3
10/1/09,216.177,-0.2
11/1/09,216.33,1.8
12/1/09,215.949,2.7
1/1/10,216.687,2.6
2/1/10,216.741,2.1
3/1/10,217.631,2.3
4/1/10,218.009,2.2
5/1/10,218.178,2
6/1/10,217.965,1.1
7/1/10,218.011,1.2
8/1/10,218.312,1.1
9/1/10,218.439,1.1
10/1/10,218.711,1.2
11/1/10,218.803,1.1
12/1/10,219.179,1.5
1/1/11,220.223,1.6
2/1/11,221.309,2.1
3/1/11,223.467,2.7
4/1/11,224.906,3.2
5/1/11,225.964,3.6
6/1/11,225.722,3.6
7/1/11,225.922,3.6
8/1/11,226.545,3.8
9/1/11,226.889,3.9
10/1/11,226.421,3.5
11/1/11,226.23,3.4
12/1/11,225.672,3
1/1/12,226.665,2.9
2/1/12,227.663,2.9
3/1/12,229.392,2.7
4/1/12,230.085,2.3
5/1/12,229.815,1.7
6/1/12,229.478,1.7
7/1/12,229.104,1.4
8/1/12,230.379,1.7
9/1/12,231.407,2
10/1/12,231.317,2.2
11/1/12,230.221,1.8
12/1/12,229.601,1.7
1/1/13,230.28,1.6
2/1/13,232.166,2
3/1/13,232.773,1.5
4/1/13,232.531,1.1
5/1/13,232.945,1.4
6/1/13,233.504,1.8
7/1/13,233.596,2
8/1/13,233.877,1.5
9/1/13,234.149,1.2
10/1/13,233.546,1
11/1/13,233.069,1.2
12/1/13,233.049,1.5
1/1/14,233.916,1.6
2/1/14,234.781,1.1
3/1/14,236.293,1.5
4/1/14,237.072,2
5/1/14,237.9,2.1
6/1/14,238.343,2.1
7/1/14,238.25,2
8/1/14,237.852,1.7
9/1/14,238.031,1.7
10/1/14,237.433,1.7
11/1/14,236.151,1.3
12/1/14,234.812,0.8
1/1/15,233.707,-0.1
2/1/15,234.722,0
3/1/15,236.119,-0.1
4/1/15,236.599,-0.2
5/1/15,237.805,0
6/1/15,238.638,0.1
7/1/15,238.654,0.2
8/1/15,238.316,0.2
9/1/15,237.945,0
10/1/15,237.838,0.2
11/1/15,237.336,0.5
12/1/15,236.525,0.7
1/1/16,236.916,1.4
2/1/16,237.111,1
3/1/16,238.132,0.9
4/1/16,239.261,1.1
5/1/16,240.229,1
6/1/16,241.018,1
7/1/16,240.628,0.8
8/1/16,240.849,1.1
9/1/16,241.428,1.5
10/1/16,241.729,1.6
11/1/16,241.353,1.7
12/1/16,241.432,2.1
1/1/17,242.839,2.5
2/1/17,243.603,2.7
3/1/17,243.801,2.4
4/1/17,244.524,2.2
5/1/17,244.733,1.9
6/1/17,244.955,1.6
7/1/17,244.786,1.7
8/1/17,245.519,1.9
9/1/17,246.819,2.2
10/1/17,246.663,2
11/1/17,246.669,2.2
12/1/17,246.524,2.1
1/1/18,247.867,2.1
2/1/18,248.991,2.2
3/1/18,249.554,2.4
4/1/18,250.546,2.5
5/1/18,251.588,2.8
6/1/18,251.989,2.9
7/1/18,252.006,2.9
8/1/18,252.146,2.7
9/1/18,252.439,2.3
10/1/18,252.885,2.5
11/1/18,252.038,2.2
12/1/18,251.233,1.9
1/1/19,251.712,1.6
2/1/19,252.776,1.5
3/1/19,254.202,1.9
4/1/19,255.548,2
5/1/19,256.092,1.8
6/1/19,256.143,1.6
7/1/19,256.571,1.8
8/1/19,256.558,1.7
9/1/19,256.759,1.7
10/1/19,257.346,1.8
11/1/19,257.208,2.1
12/1/19,256.974,2.3
1/1/20,257.971,2.5
2/1/20,258.678,2.3
3/1/20,258.115,1.5
4/1/20,256.389,0.3
5/1/20,256.394,0.1
6/1/20,257.797,0.6
7/1/20,259.101,1
8/1/20,259.918,1.3
9/1/20,260.28,1.4
10/1/20,260.388,1.2
11/1/20,260.229,1.2
12/1/20,260.474,1.4
1/1/21,261.582,1.4
2/1/21,263.014,1.7
3/1/21,264.877,2.6
4/1/21,267.054,4.2
5/1/21,269.195,5
6/1/21,271.696,5.4
7/1/21,273.003,5.4
8/1/21,273.567,5.3
9/1/21,274.31,5.4
10/1/21,276.589,6.2
11/1/21,277.948,6.8
12/1/21,278.802,7
1/1/22,281.148,7.5
2/1/22,283.716,7.9
3/1/22,287.504,8.5
4/1/22,289.109,8.3
5/1/22,292.296,8.6
6/1/22,296.311,9.1
7/1/22,296.276,8.5
8/1/22,296.171,8.3
9/1/22,296.808,8.2
10/1/22,298.012,7.7
11/1/22,297.711,7.1
12/1/22,296.797,6.5
1/1/23,299.17,6.4
2/1/23,300.84,6
3/1/23,301.836,5
4/1/23,303.363,4.9
5/1/23,304.127,4
6/1/23,305.109,3
7/1/23,305.691,3.2
8/1/23,307.026,3.7
9/1/23,307.789,3.7
10/1/23,307.671,3.2
11/1/23,307.051,3.1
12/1/23,306.746,3.4
1/1/24,308.417,3.1
2/1/24,310.326,3.2
3/1/24,312.332,3.5
4/1/24,313.548,3.4
5/1/24,314.069,3.3
6/1/24,314.175,3
7/1/24,314.54,2.9
8/1/24,314.796,2.5
9/1/24,315.301,2.4
10/1/24,315.664,2.6
11/1/24,315.493,2.7
12/1/24,315.605,2.9
1/1/25,317.671,3
2/1/25,319.082,2.8
3/1/25,319.799,2.4
4/1/25,320.795,2.3
5/1/25,321.465,2.4
6/1/25,322.561,2.7
7/1/25,323.048,2.7
8/1/25,323.976,2.9
9/1/25,324.8,3
10/1/25,-, N/A
11/1/25,324.122,2.7
12/1/25,324.054,2.7
