observation_date,RESPPNGNWW
2002-12-18,11039
2002-12-25,11039
2003-01-01,11039
2003-01-08,11039
2003-01-15,11039
2003-01-22,11039
2003-01-29,11039
2003-02-05,11039
2003-02-12,11039
2003-02-19,11039
2003-02-26,11039
2003-03-05,11039
2003-03-12,11039
2003-03-19,11039
2003-03-26,11039
2003-04-02,11038
2003-04-09,11038
2003-04-16,11038
2003-04-23,11038
2003-04-30,11039
2003-05-07,11039
2003-05-14,11039
2003-05-21,11039
2003-05-28,11039
2003-06-04,11040
2003-06-11,11040
2003-06-18,11040
2003-06-25,11040
2003-07-02,11039
2003-07-09,11039
2003-07-16,11039
2003-07-23,11039
2003-07-30,11039
2003-08-06,11039
2003-08-13,11039
2003-08-20,11039
2003-08-27,11039
2003-09-03,11039
2003-09-10,11039
2003-09-17,11039
2003-09-24,11039
2003-10-01,11039
2003-10-08,11039
2003-10-15,11039
2003-10-22,11039
2003-10-29,11039
2003-11-05,11039
2003-11-12,11039
2003-11-19,11039
2003-11-26,11039
2003-12-03,11039
2003-12-10,11039
2003-12-17,11039
2003-12-24,11039
2003-12-31,11039
2004-01-07,11039
2004-01-14,11039
2004-01-21,11039
2004-01-28,11039
2004-02-04,11038
2004-02-11,11038
2004-02-18,11038
2004-02-25,11038
2004-03-03,11041
2004-03-10,11041
2004-03-17,11041
2004-03-24,11041
2004-03-31,11041
2004-04-07,11041
2004-04-14,11041
2004-04-21,11041
2004-04-28,11041
2004-05-05,11041
2004-05-12,11041
2004-05-19,11041
2004-05-26,11041
2004-06-02,11041
2004-06-09,11041
2004-06-16,11041
2004-06-23,11041
2004-06-30,11040
2004-07-07,11040
2004-07-14,11040
2004-07-21,11040
2004-07-28,11040
2004-08-04,11040
2004-08-11,11040
2004-08-18,11040
2004-08-25,11040
2004-09-01,11039
2004-09-08,11039
2004-09-15,11039
2004-09-22,11039
2004-09-29,11039
2004-10-06,11039
2004-10-13,11039
2004-10-20,11039
2004-10-27,11039
2004-11-03,11039
2004-11-10,11039
2004-11-17,11039
2004-11-24,11039
2004-12-01,11039
2004-12-08,11039
2004-12-15,11039
2004-12-22,11039
2004-12-29,11041
2005-01-05,11041
2005-01-12,11041
2005-01-19,11041
2005-01-26,11041
2005-02-02,11038
2005-02-09,11038
2005-02-16,11038
2005-02-23,11038
2005-03-02,11037
2005-03-09,11037
2005-03-16,11037
2005-03-23,11037
2005-03-30,11037
2005-04-06,11037
2005-04-13,11037
2005-04-20,11037
2005-04-27,11037
2005-05-04,11037
2005-05-11,11037
2005-05-18,11037
2005-05-25,11037
2005-06-01,11037
2005-06-08,11037
2005-06-15,11037
2005-06-22,11037
2005-06-29,11037
2005-07-06,11037
2005-07-13,11037
2005-07-20,11037
2005-07-27,11037
2005-08-03,11037
2005-08-10,11037
2005-08-17,11037
2005-08-24,11037
2005-08-31,11037
2005-09-07,11037
2005-09-14,11037
2005-09-21,11037
2005-09-28,11037
2005-10-05,11037
2005-10-12,11037
2005-10-19,11037
2005-10-26,11037
2005-11-02,11036
2005-11-09,11036
2005-11-16,11036
2005-11-23,11036
2005-11-30,11037
2005-12-07,11037
2005-12-14,11037
2005-12-21,11037
2005-12-28,11037
2006-01-04,11039
2006-01-11,11039
2006-01-18,11039
2006-01-25,11039
2006-02-01,11040
2006-02-08,11040
2006-02-15,11040
2006-02-22,11040
2006-03-01,11040
2006-03-08,11040
2006-03-15,11040
2006-03-22,11040
2006-03-29,11040
2006-04-05,11039
2006-04-12,11039
2006-04-19,11039
2006-04-26,11039
2006-05-03,11037
2006-05-10,11037
2006-05-17,11037
2006-05-24,11037
2006-05-31,11037
2006-06-07,11037
2006-06-14,11037
2006-06-21,11037
2006-06-28,11037
2006-07-05,11037
2006-07-12,11037
2006-07-19,11037
2006-07-26,11037
2006-08-02,11037
2006-08-09,11037
2006-08-16,11037
2006-08-23,11037
2006-08-30,11037
2006-09-06,11037
2006-09-13,11037
2006-09-20,11037
2006-09-27,11037
2006-10-04,11037
2006-10-11,11037
2006-10-18,11037
2006-10-25,11037
2006-11-01,11037
2006-11-08,11037
2006-11-15,11037
2006-11-22,11037
2006-11-29,11037
2006-12-06,11037
2006-12-13,11037
2006-12-20,11037
2006-12-27,11037
2007-01-03,11037
2007-01-10,11037
2007-01-17,11037
2007-01-24,11037
2007-01-31,11037
2007-02-07,11037
2007-02-14,11037
2007-02-21,11037
2007-02-28,11037
2007-03-07,11037
2007-03-14,11037
2007-03-21,11037
2007-03-28,11037
2007-04-04,11037
2007-04-11,11037
2007-04-18,11037
2007-04-25,11037
2007-05-02,11037
2007-05-09,11037
2007-05-16,11037
2007-05-23,11037
2007-05-30,11037
2007-06-06,11037
2007-06-13,11037
2007-06-20,11037
2007-06-27,11037
2007-07-04,11037
2007-07-11,11037
2007-07-18,11037
2007-07-25,11037
2007-08-01,11037
2007-08-08,11037
2007-08-15,11037
2007-08-22,11037
2007-08-29,11037
2007-09-05,11037
2007-09-12,11037
2007-09-19,11037
2007-09-26,11037
2007-10-03,11037
2007-10-10,11037
2007-10-17,11037
2007-10-24,11037
2007-10-31,11037
2007-11-07,11037
2007-11-14,11037
2007-11-21,11037
2007-11-28,11037
2007-12-05,11037
2007-12-12,11037
2007-12-19,11037
2007-12-26,11037
2008-01-02,11037
2008-01-09,11037
2008-01-16,11037
2008-01-23,11037
2008-01-30,11037
2008-02-06,11037
2008-02-13,11037
2008-02-20,11037
2008-02-27,11037
2008-03-05,11037
2008-03-12,11037
2008-03-19,11037
2008-03-26,11037
2008-04-02,11037
2008-04-09,11037
2008-04-16,11037
2008-04-23,11037
2008-04-30,11037
2008-05-07,11037
2008-05-14,11037
2008-05-21,11037
2008-05-28,11037
2008-06-04,11037
2008-06-11,11037
2008-06-18,11037
2008-06-25,11037
2008-07-02,11037
2008-07-09,11037
2008-07-16,11037
2008-07-23,11037
2008-07-30,11037
2008-08-06,11037
2008-08-13,11037
2008-08-20,11037
2008-08-27,11037
2008-09-03,11037
2008-09-10,11037
2008-09-17,11037
2008-09-24,11037
2008-10-01,11037
2008-10-08,11037
2008-10-15,11037
2008-10-22,11037
2008-10-29,11037
2008-11-05,11037
2008-11-12,11037
2008-11-19,11037
2008-11-26,11037
2008-12-03,11037
2008-12-10,11037
2008-12-17,11037
2008-12-24,11037
2008-12-31,11037
2009-01-07,11037
2009-01-14,11037
2009-01-21,11037
2009-01-28,11037
2009-02-04,11037
2009-02-11,11037
2009-02-18,11037
2009-02-25,11037
2009-03-04,11037
2009-03-11,11037
2009-03-18,11037
2009-03-25,11037
2009-04-01,11037
2009-04-08,11037
2009-04-15,11037
2009-04-22,11037
2009-04-29,11037
2009-05-06,11037
2009-05-13,11037
2009-05-20,11037
2009-05-27,11037
2009-06-03,11037
2009-06-10,11037
2009-06-17,11037
2009-06-24,11037
2009-07-01,11037
2009-07-08,11037
2009-07-15,11037
2009-07-22,11037
2009-07-29,11037
2009-08-05,11037
2009-08-12,11037
2009-08-19,11037
2009-08-26,11037
2009-09-02,11037
2009-09-09,11037
2009-09-16,11037
2009-09-23,11037
2009-09-30,11037
2009-10-07,11037
2009-10-14,11037
2009-10-21,11037
2009-10-28,11037
2009-11-04,11037
2009-11-11,11037
2009-11-18,11037
2009-11-25,11037
2009-12-02,11037
2009-12-09,11037
2009-12-16,11037
2009-12-23,11037
2009-12-30,11037
2010-01-06,11037
2010-01-13,11037
2010-01-20,11037
2010-01-27,11037
2010-02-03,11037
2010-02-10,11037
2010-02-17,11037
2010-02-24,11037
2010-03-03,11037
2010-03-10,11037
2010-03-17,11037
2010-03-24,11037
2010-03-31,11037
2010-04-07,11037
2010-04-14,11037
2010-04-21,11037
2010-04-28,11037
2010-05-05,11037
2010-05-12,11037
2010-05-19,11037
2010-05-26,11037
2010-06-02,11037
2010-06-09,11037
2010-06-16,11037
2010-06-23,11037
2010-06-30,11037
2010-07-07,11037
2010-07-14,11037
2010-07-21,11037
2010-07-28,11037
2010-08-04,11037
2010-08-11,11037
2010-08-18,11037
2010-08-25,11037
2010-09-01,11037
2010-09-08,11037
2010-09-15,11037
2010-09-22,11037
2010-09-29,11037
2010-10-06,11037
2010-10-13,11037
2010-10-20,11037
2010-10-27,11037
2010-11-03,11037
2010-11-10,11037
2010-11-17,11037
2010-11-24,11037
2010-12-01,11037
2010-12-08,11037
2010-12-15,11037
2010-12-22,11037
2010-12-29,11037
2011-01-05,11037
2011-01-12,11037
2011-01-19,11037
2011-01-26,11037
2011-02-02,11037
2011-02-09,11037
2011-02-16,11037
2011-02-23,11037
2011-03-02,11037
2011-03-09,11037
2011-03-16,11037
2011-03-23,11037
2011-03-30,11037
2011-04-06,11037
2011-04-13,11037
2011-04-20,11037
2011-04-27,11037
2011-05-04,11037
2011-05-11,11037
2011-05-18,11037
2011-05-25,11037
2011-06-01,11037
2011-06-08,11037
2011-06-15,11037
2011-06-22,11037
2011-06-29,11037
2011-07-06,11037
2011-07-13,11037
2011-07-20,11037
2011-07-27,11037
2011-08-03,11037
2011-08-10,11037
2011-08-17,11037
2011-08-24,11037
2011-08-31,11037
2011-09-07,11037
2011-09-14,11037
2011-09-21,11037
2011-09-28,11037
2011-10-05,11037
2011-10-12,11037
2011-10-19,11037
2011-10-26,11037
2011-11-02,11037
2011-11-09,11037
2011-11-16,11037
2011-11-23,11037
2011-11-30,11037
2011-12-07,11037
2011-12-14,11037
2011-12-21,11037
2011-12-28,11037
2012-01-04,11037
2012-01-11,11037
2012-01-18,11037
2012-01-25,11037
2012-02-01,11037
2012-02-08,11037
2012-02-15,11037
2012-02-22,11037
2012-02-29,11037
2012-03-07,11037
2012-03-14,11037
2012-03-21,11037
2012-03-28,11037
2012-04-04,11037
2012-04-11,11037
2012-04-18,11037
2012-04-25,11037
2012-05-02,11037
2012-05-09,11037
2012-05-16,11037
2012-05-23,11037
2012-05-30,11037
2012-06-06,11037
2012-06-13,11037
2012-06-20,11037
2012-06-27,11037
2012-07-04,11037
2012-07-11,11037
2012-07-18,11037
2012-07-25,11037
2012-08-01,11037
2012-08-08,11037
2012-08-15,11037
2012-08-22,11037
2012-08-29,11037
2012-09-05,11037
2012-09-12,11037
2012-09-19,11037
2012-09-26,11037
2012-10-03,11037
2012-10-10,11037
2012-10-17,11037
2012-10-24,11037
2012-10-31,11037
2012-11-07,11037
2012-11-14,11037
2012-11-21,11037
2012-11-28,11037
2012-12-05,11037
2012-12-12,11037
2012-12-19,11037
2012-12-26,11037
2013-01-02,11037
2013-01-09,11037
2013-01-16,11037
2013-01-23,11037
2013-01-30,11037
2013-02-06,11037
2013-02-13,11037
2013-02-20,11037
2013-02-27,11037
2013-03-06,11037
2013-03-13,11037
2013-03-20,11037
2013-03-27,11037
2013-04-03,11037
2013-04-10,11037
2013-04-17,11037
2013-04-24,11037
2013-05-01,11037
2013-05-08,11037
2013-05-15,11037
2013-05-22,11037
2013-05-29,11037
2013-06-05,11037
2013-06-12,11037
2013-06-19,11037
2013-06-26,11037
2013-07-03,11037
2013-07-10,11037
2013-07-17,11037
2013-07-24,11037
2013-07-31,11037
2013-08-07,11037
2013-08-14,11037
2013-08-21,11037
2013-08-28,11037
2013-09-04,11037
2013-09-11,11037
2013-09-18,11037
2013-09-25,11037
2013-10-02,11037
2013-10-09,11037
2013-10-16,11037
2013-10-23,11037
2013-10-30,11037
2013-11-06,11037
2013-11-13,11037
2013-11-20,11037
2013-11-27,11037
2013-12-04,11037
2013-12-11,11037
2013-12-18,11037
2013-12-25,11037
2014-01-01,11037
2014-01-08,11037
2014-01-15,11037
2014-01-22,11037
2014-01-29,11037
2014-02-05,11037
2014-02-12,11037
2014-02-19,11037
2014-02-26,11037
2014-03-05,11037
2014-03-12,11037
2014-03-19,11037
2014-03-26,11037
2014-04-02,11037
2014-04-09,11037
2014-04-16,11037
2014-04-23,11037
2014-04-30,11037
2014-05-07,11037
2014-05-14,11037
2014-05-21,11037
2014-05-28,11037
2014-06-04,11037
2014-06-11,11037
2014-06-18,11037
2014-06-25,11037
2014-07-02,11037
2014-07-09,11037
2014-07-16,11037
2014-07-23,11037
2014-07-30,11037
2014-08-06,11037
2014-08-13,11037
2014-08-20,11037
2014-08-27,11037
2014-09-03,11037
2014-09-10,11037
2014-09-17,11037
2014-09-24,11037
2014-10-01,11037
2014-10-08,11037
2014-10-15,11037
2014-10-22,11037
2014-10-29,11037
2014-11-05,11037
2014-11-12,11037
2014-11-19,11037
2014-11-26,11037
2014-12-03,11037
2014-12-10,11037
2014-12-17,11037
2014-12-24,11037
2014-12-31,11037
2015-01-07,11037
2015-01-14,11037
2015-01-21,11037
2015-01-28,11037
2015-02-04,11037
2015-02-11,11037
2015-02-18,11037
2015-02-25,11037
2015-03-04,11037
2015-03-11,11037
2015-03-18,11037
2015-03-25,11037
2015-04-01,11037
2015-04-08,11037
2015-04-15,11037
2015-04-22,11037
2015-04-29,11037
2015-05-06,11037
2015-05-13,11037
2015-05-20,11037
2015-05-27,11037
2015-06-03,11037
2015-06-10,11037
2015-06-17,11037
2015-06-24,11037
2015-07-01,11037
2015-07-08,11037
2015-07-15,11037
2015-07-22,11037
2015-07-29,11037
2015-08-05,11037
2015-08-12,11037
2015-08-19,11037
2015-08-26,11037
2015-09-02,11037
2015-09-09,11037
2015-09-16,11037
2015-09-23,11037
2015-09-30,11037
2015-10-07,11037
2015-10-14,11037
2015-10-21,11037
2015-10-28,11037
2015-11-04,11037
2015-11-11,11037
2015-11-18,11037
2015-11-25,11037
2015-12-02,11037
2015-12-09,11037
2015-12-16,11037
2015-12-23,11037
2015-12-30,11037
2016-01-06,11037
2016-01-13,11037
2016-01-20,11037
2016-01-27,11037
2016-02-03,11037
2016-02-10,11037
2016-02-17,11037
2016-02-24,11037
2016-03-02,11037
2016-03-09,11037
2016-03-16,11037
2016-03-23,11037
2016-03-30,11037
2016-04-06,11037
2016-04-13,11037
2016-04-20,11037
2016-04-27,11037
2016-05-04,11037
2016-05-11,11037
2016-05-18,11037
2016-05-25,11037
2016-06-01,11037
2016-06-08,11037
2016-06-15,11037
2016-06-22,11037
2016-06-29,11037
2016-07-06,11037
2016-07-13,11037
2016-07-20,11037
2016-07-27,11037
2016-08-03,11037
2016-08-10,11037
2016-08-17,11037
2016-08-24,11037
2016-08-31,11037
2016-09-07,11037
2016-09-14,11037
2016-09-21,11037
2016-09-28,11037
2016-10-05,11037
2016-10-12,11037
2016-10-19,11037
2016-10-26,11037
2016-11-02,11037
2016-11-09,11037
2016-11-16,11037
2016-11-23,11037
2016-11-30,11037
2016-12-07,11037
2016-12-14,11037
2016-12-21,11037
2016-12-28,11037
2017-01-04,11037
2017-01-11,11037
2017-01-18,11037
2017-01-25,11037
2017-02-01,11037
2017-02-08,11037
2017-02-15,11037
2017-02-22,11037
2017-03-01,11037
2017-03-08,11037
2017-03-15,11037
2017-03-22,11037
2017-03-29,11037
2017-04-05,11037
2017-04-12,11037
2017-04-19,11037
2017-04-26,11037
2017-05-03,11037
2017-05-10,11037
2017-05-17,11037
2017-05-24,11037
2017-05-31,11037
2017-06-07,11037
2017-06-14,11037
2017-06-21,11037
2017-06-28,11037
2017-07-05,11037
2017-07-12,11037
2017-07-19,11037
2017-07-26,11037
2017-08-02,11037
2017-08-09,11037
2017-08-16,11037
2017-08-23,11037
2017-08-30,11037
2017-09-06,11037
2017-09-13,11037
2017-09-20,11037
2017-09-27,11037
2017-10-04,11037
2017-10-11,11037
2017-10-18,11037
2017-10-25,11037
2017-11-01,11037
2017-11-08,11037
2017-11-15,11037
2017-11-22,11037
2017-11-29,11037
2017-12-06,11037
2017-12-13,11037
2017-12-20,11037
2017-12-27,11037
2018-01-03,11037
2018-01-10,11037
2018-01-17,11037
2018-01-24,11037
2018-01-31,11037
2018-02-07,11037
2018-02-14,11037
2018-02-21,11037
2018-02-28,11037
2018-03-07,11037
2018-03-14,11037
2018-03-21,11037
2018-03-28,11037
2018-04-04,11037
2018-04-11,11037
2018-04-18,11037
2018-04-25,11037
2018-05-02,11037
2018-05-09,11037
2018-05-16,11037
2018-05-23,11037
2018-05-30,11037
2018-06-06,11037
2018-06-13,11037
2018-06-20,11037
2018-06-27,11037
2018-07-04,11037
2018-07-11,11037
2018-07-18,11037
2018-07-25,11037
2018-08-01,11037
2018-08-08,11037
2018-08-15,11037
2018-08-22,11037
2018-08-29,11037
2018-09-05,11037
2018-09-12,11037
2018-09-19,11037
2018-09-26,11037
2018-10-03,11037
2018-10-10,11037
2018-10-17,11037
2018-10-24,11037
2018-10-31,11037
2018-11-07,11037
2018-11-14,11037
2018-11-21,11037
2018-11-28,11037
2018-12-05,11037
2018-12-12,11037
2018-12-19,11037
2018-12-26,11037
2019-01-02,11037
2019-01-09,11037
2019-01-16,11037
2019-01-23,11037
2019-01-30,11037
2019-02-06,11037
2019-02-13,11037
2019-02-20,11037
2019-02-27,11037
2019-03-06,11037
2019-03-13,11037
2019-03-20,11037
2019-03-27,11037
2019-04-03,11037
2019-04-10,11037
2019-04-17,11037
2019-04-24,11037
2019-05-01,11037
2019-05-08,11037
2019-05-15,11037
2019-05-22,11037
2019-05-29,11037
2019-06-05,11037
2019-06-12,11037
2019-06-19,11037
2019-06-26,11037
2019-07-03,11037
2019-07-10,11037
2019-07-17,11037
2019-07-24,11037
2019-07-31,11037
2019-08-07,11037
2019-08-14,11037
2019-08-21,11037
2019-08-28,11037
2019-09-04,11037
2019-09-11,11037
2019-09-18,11037
2019-09-25,11037
2019-10-02,11037
2019-10-09,11037
2019-10-16,11037
2019-10-23,11037
2019-10-30,11037
2019-11-06,11037
2019-11-13,11037
2019-11-20,11037
2019-11-27,11037
2019-12-04,11037
2019-12-11,11037
2019-12-18,11037
2019-12-25,11037
2020-01-01,11037
2020-01-08,11037
2020-01-15,11037
2020-01-22,11037
2020-01-29,11037
2020-02-05,11037
2020-02-12,11037
2020-02-19,11037
2020-02-26,11037
2020-03-04,11037
2020-03-11,11037
2020-03-18,11037
2020-03-25,11037
2020-04-01,11037
2020-04-08,11037
2020-04-15,11037
2020-04-22,11037
2020-04-29,11037
2020-05-06,11037
2020-05-13,11037
2020-05-20,11037
2020-05-27,11037
2020-06-03,11037
2020-06-10,11037
2020-06-17,11037
2020-06-24,11037
2020-07-01,11037
2020-07-08,11037
2020-07-15,11037
2020-07-22,11037
2020-07-29,11037
2020-08-05,11037
2020-08-12,11037
2020-08-19,11037
2020-08-26,11037
2020-09-02,11037
2020-09-09,11037
2020-09-16,11037
2020-09-23,11037
2020-09-30,11037
2020-10-07,11037
2020-10-14,11037
2020-10-21,11037
2020-10-28,11037
2020-11-04,11037
2020-11-11,11037
2020-11-18,11037
2020-11-25,11037
2020-12-02,11037
2020-12-09,11037
2020-12-16,11037
2020-12-23,11037
2020-12-30,11037
2021-01-06,11037
2021-01-13,11037
2021-01-20,11037
2021-01-27,11037
2021-02-03,11037
2021-02-10,11037
2021-02-17,11037
2021-02-24,11037
2021-03-03,11037
2021-03-10,11037
2021-03-17,11037
2021-03-24,11037
2021-03-31,11037
2021-04-07,11037
2021-04-14,11037
2021-04-21,11037
2021-04-28,11037
2021-05-05,11037
2021-05-12,11037
2021-05-19,11037
2021-05-26,11037
2021-06-02,11037
2021-06-09,11037
2021-06-16,11037
2021-06-23,11037
2021-06-30,11037
2021-07-07,11037
2021-07-14,11037
2021-07-21,11037
2021-07-28,11037
2021-08-04,11037
2021-08-11,11037
2021-08-18,11037
2021-08-25,11037
2021-09-01,11037
2021-09-08,11037
2021-09-15,11037
2021-09-22,11037
2021-09-29,11037
2021-10-06,11037
2021-10-13,11037
2021-10-20,11037
2021-10-27,11037
2021-11-03,11037
2021-11-10,11037
2021-11-17,11037
2021-11-24,11037
2021-12-01,11037
2021-12-08,11037
2021-12-15,11037
2021-12-22,11037
2021-12-29,11037
2022-01-05,11037
2022-01-12,11037
2022-01-19,11037
2022-01-26,11037
2022-02-02,11037
2022-02-09,11037
2022-02-16,11037
2022-02-23,11037
2022-03-02,11037
2022-03-09,11037
2022-03-16,11037
2022-03-23,11037
2022-03-30,11037
2022-04-06,11037
2022-04-13,11037
2022-04-20,11037
2022-04-27,11037
2022-05-04,11037
2022-05-11,11037
2022-05-18,11037
2022-05-25,11037
2022-06-01,11037
2022-06-08,11037
2022-06-15,11037
2022-06-22,11037
2022-06-29,11037
2022-07-06,11037
2022-07-13,11037
2022-07-20,11037
2022-07-27,11037
2022-08-03,11037
2022-08-10,11037
2022-08-17,11037
2022-08-24,11037
2022-08-31,11037
2022-09-07,11037
2022-09-14,11037
2022-09-21,11037
2022-09-28,11037
2022-10-05,11037
2022-10-12,11037
2022-10-19,11037
2022-10-26,11037
2022-11-02,11037
2022-11-09,11037
2022-11-16,11037
2022-11-23,11037
2022-11-30,11037
2022-12-07,11037
2022-12-14,11037
2022-12-21,11037
2022-12-28,11037
2023-01-04,11037
2023-01-11,11037
2023-01-18,11037
2023-01-25,11037
2023-02-01,11037
2023-02-08,11037
2023-02-15,11037
2023-02-22,11037
2023-03-01,11037
2023-03-08,11037
2023-03-15,11037
2023-03-22,11037
2023-03-29,11037
2023-04-05,11037
2023-04-12,11037
2023-04-19,11037
2023-04-26,11037
2023-05-03,11037
2023-05-10,11037
2023-05-17,11037
2023-05-24,11037
2023-05-31,11037
2023-06-07,11037
2023-06-14,11037
2023-06-21,11037
2023-06-28,11037
2023-07-05,11037
2023-07-12,11037
2023-07-19,11037
2023-07-26,11037
2023-08-02,11037
2023-08-09,11037
2023-08-16,11037
2023-08-23,11037
2023-08-30,11037
2023-09-06,11037
2023-09-13,11037
2023-09-20,11037
2023-09-27,11037
2023-10-04,11037
2023-10-11,11037
2023-10-18,11037
2023-10-25,11037
2023-11-01,11037
2023-11-08,11037
2023-11-15,11037
2023-11-22,11037
2023-11-29,11037
2023-12-06,11037
2023-12-13,11037
2023-12-20,11037
2023-12-27,11037
2024-01-03,11037
2024-01-10,11037
2024-01-17,11037
2024-01-24,11037
2024-01-31,11037
2024-02-07,11037
2024-02-14,11037
2024-02-21,11037
2024-02-28,11037
2024-03-06,11037
2024-03-13,11037
2024-03-20,11037
2024-03-27,11037
2024-04-03,11037
2024-04-10,11037
2024-04-17,11037
2024-04-24,11037
2024-05-01,11037
2024-05-08,11037
2024-05-15,11037
2024-05-22,11037
2024-05-29,11037
2024-06-05,11037
2024-06-12,11037
2024-06-19,11037
2024-06-26,11037
2024-07-03,11037
2024-07-10,11037
2024-07-17,11037
2024-07-24,11037
2024-07-31,11037
2024-08-07,11037
2024-08-14,11037
2024-08-21,11037
2024-08-28,11037
2024-09-04,11037
2024-09-11,11037
2024-09-18,11037
2024-09-25,11037
2024-10-02,11037
2024-10-09,11037
2024-10-16,11037
2024-10-23,11037
2024-10-30,11037
2024-11-06,11037
2024-11-13,11037
2024-11-20,11037
2024-11-27,11037
2024-12-04,11037
2024-12-11,11037
2024-12-18,11037
2024-12-25,11037
2025-01-01,11037
2025-01-08,11037
2025-01-15,11037
2025-01-22,11037
2025-01-29,11037
2025-02-05,11037
2025-02-12,11037
2025-02-19,11037
2025-02-26,11037
2025-03-05,11037
2025-03-12,11037
2025-03-19,11037
2025-03-26,11037
2025-04-02,11037
2025-04-09,11037
2025-04-16,11037
2025-04-23,11037
2025-04-30,11037
2025-05-07,11037
2025-05-14,11037
2025-05-21,11037
2025-05-28,11037
2025-06-04,11037
2025-06-11,11037
2025-06-18,11037
2025-06-25,11037
2025-07-02,11037
2025-07-09,11037
2025-07-16,11037
2025-07-23,11037
2025-07-30,11037
2025-08-06,11037
2025-08-13,11037
2025-08-20,11037
2025-08-27,11037
2025-09-03,11037
2025-09-10,11037
2025-09-17,11037
2025-09-24,11037
2025-10-01,11037
2025-10-08,11037
2025-10-15,11037
2025-10-22,11037
2025-10-29,11037
2025-11-05,11037
2025-11-12,11037
2025-11-19,11037
2025-11-26,11037
2025-12-03,11037
2025-12-10,11037
2025-12-17,11037
2025-12-24,11037
2025-12-31,11037
